{
  "FAST": 45.903999999999996,
  "LRCX": 384.47178584999995,
  "MRVL": 260.74412499999994,
  "MNST": 93.0384495,
  "DDOG": 254.5335
}